"ReporterISO3","ReporterName","Year","Exports (% of GDP)","Exports G&S (Current USD)","Imports (% of GDP)","Imports G&S (Current USD)","Trade Balance (% of GDP)","Trade Balance G&S (Current USD)"
"AUT","Austria",1988,33.0709,44096573440,33.4916,44657528832,-0.4207,-560955392
"AUT","Austria",1989,35.0152,46607265792,35.5232,47283384320,-0.508,-676118528
"AUT","Austria",1990,35.6974,59423125504,35.791,59578834944,-0.0935,-155709440
"AUT","Austria",1991,34.5905,60116254720,35.4579,61623795712,-0.8674,-1507540992
"AUT","Austria",1992,33.1553,64678674432,34.4749,67252989952,-1.3196,-2574315520
"AUT","Austria",1993,31.4639,59900882944,31.8012,60542947328,-0.3373,-642064384
"AUT","Austria",1994,32.1585,65453948928,33.8286,68853039104,-1.67,-3399090176
"AUT","Austria",1995,33.5331,80827703296,34.7235,83696836608,-1.1903,-2869133312
"AUT","Austria",1996,34.2493,81256734720,35.8344,85017444352,-1.5851,-3760709632
"AUT","Austria",1997,37.0281,78792187904,37.8396,80519028736,-0.8115,-1726840832
"AUT","Austria",1998,38.351,83704905728,38.5761,84196220928,-0.2251,-491315200
"AUT","Austria",1999,39.357,85506768896,38.9031,84520550400,0.4539,986218496
"AUT","Austria",2000,43.3463,85517705216,42.0142,82889703424,1.3321,2628001792
"AUT","Austria",2001,44.6176,88123588608,42.9191,84769005568,1.6984,3354583040
"AUT","Austria",2002,45.3194,97162436608,41.6288,89249972224,3.6906,7912464384
"AUT","Austria",2003,44.5704,116896448512,41.817,109674881024,2.7534,7221567488
"AUT","Austria",2004,46.8672,141284769792,43.9251,132415627264,2.9421,8869142528
"AUT","Austria",2005,48.6198,153683279872,45.4141,143550316544,3.2057,10132963328
"AUT","Austria",2006,50.8417,170970398720,47.2466,158881038336,3.595,12089360384
"AUT","Austria",2007,52.5609,204559319040,48.1724,187479965696,4.3885,17079353344
"AUT","Austria",2008,53.2489,230062735360,48.8248,210948587520,4.424,19114147840
"AUT","Austria",2009,45.2074,181624750080,41.8548,168155365376,3.3526,13469384704
"AUT","Austria",2010,51.2622,201088696320,47.7576,187341324288,3.5045,13747372032
"AUT","Austria",2011,53.9487,232888434688,51.1541,220824764416,2.7946,12063670272
"AUT","Austria",2012,53.9737,220969205760,51.1785,209525719040,2.7952,11443486720
"AUT","Austria",2013,53.4413,229899616256,50.6251,217784696832,2.8162,12114919424
"AUT","Austria",2014,53.3866,236280889344,50.117,221810032640,3.2696,14470856704
"AUT","Austria",2015,53.0891,202784899072,49.3383,188457893888,3.7508,14327005184
"AUT","Austria",2016,52.4064,207444082688,48.5757,192280707072,3.8307,15163375616
"AUT","Austria",2017,54.0512,225534459904,50.8877,212334575616,3.1635,13199884288
"AUT","Austria",2018,55.4622,252348203008,52.4614,238694825984,3.0008,13653377024
"AUT","Austria",2019,55.7572,247908352000,52.1288,231775649792,3.6284,16132702208
"AUT","Austria",2020,51.6128,224631996416,48.6108,211566542848,3.002,13065453568
"AUT","Austria",2021,55.9003,268527419392,55.322,265749331968,0.5783,2778087424
"AUT","Austria",2022,60.7891,286559961088,59.3391,279724654592,1.45,6835306496
"BEL","Belgium",1988,59.4081,96418783232,57.0149,92534611968,2.3932,3884171264
"BEL","Belgium",1989,63.5667,104389984256,61.3702,100782768128,2.1966,3607216128
"BEL","Belgium",1990,61.6137,126512472064,59.8542,122899595264,1.7595,3612876800
"BEL","Belgium",1991,60.2297,126790049792,58.3605,122855235584,1.8692,3934814208
"BEL","Belgium",1992,58.8089,138072571904,56.2604,132088995840,2.5486,5983576064
"BEL","Belgium",1993,56.1077,126086324224,52.905,118889054208,3.2027,7197270016
"BEL","Belgium",1994,58.425,143073460224,54.8073,134214475776,3.6176,8858984448
"BEL","Belgium",1995,60.1144,173144768512,56.2642,162055274496,3.8502,11089494016
"BEL","Belgium",1996,61.1924,170850025472,58.0204,161993752576,3.172,8856272896
"BEL","Belgium",1997,64.7866,163720904704,60.9024,153905168384,3.8842,9815736320
"BEL","Belgium",1998,64.1743,165908873216,60.5348,156499558400,3.6396,9409314816
"BEL","Belgium",1999,64.5631,166731350016,60.6069,156514811904,3.9561,10216538112
"BEL","Belgium",2000,72.5474,171786764288,69.6827,165003476992,2.8647,6783287296
"BEL","Belgium",2001,71.612,169538551808,67.9649,160904232960,3.6471,8634318848
"BEL","Belgium",2002,70.8313,183016456192,65.2539,168605253632,5.5774,14411202560
"BEL","Belgium",2003,69.0365,219593064448,63.679,202551918592,5.3575,17041145856
"BEL","Belgium",2004,70.9063,261796413440,66.0121,243726483456,4.8941,18069929984
"BEL","Belgium",2005,74.2828,286519853056,70.2462,270950039552,4.0366,15569813504
"BEL","Belgium",2006,76.805,313563971584,72.7625,297060106240,4.0425,16503865344
"BEL","Belgium",2007,78.3018,368740532224,74.1666,349267165184,4.1352,19473367040
"BEL","Belgium",2008,80.8806,418418163712,80.2078,414937612288,0.6728,3480551424
"BEL","Belgium",2009,68.834,332643205120,66.572,321712160768,2.262,10931044352
"BEL","Belgium",2010,75.8501,365158039552,74.1476,356962074624,1.7025,8195964928
"BEL","Belgium",2011,80.6974,422313787392,80.7964,422831882240,-0.099,-518094848
"BEL","Belgium",2012,80.4045,398929199104,80.3415,398616854528,0.063,312344576
"BEL","Belgium",2013,79.3243,413907320832,78.5265,409744211968,0.7979,4163108864
"BEL","Belgium",2014,79.801,427246780416,78.9822,422862979072,0.8188,4383801344
"BEL","Belgium",2015,77.8053,359721500672,76.3873,353165508608,1.418,6555992064
"BEL","Belgium",2016,79.4296,378134822912,78.2354,372449640448,1.1942,5685182464
"BEL","Belgium",2017,83.1824,418211823616,82.1434,412988178432,1.039,5223645184
"BEL","Belgium",2018,83.0796,451370844160,83.4152,453193760768,-0.3355,-1822916608
"BEL","Belgium",2019,82.3972,441538314240,81.7691,438172286976,0.6282,3366027264
"BEL","Belgium",2020,79.4465,417263648768,77.7338,408268046336,1.7128,8995602432
"BEL","Belgium",2021,86.8267,516056449024,85.7757,509809688576,1.051,6246760448
"BEL","Belgium",2022,95.3285,551574437888,97.7458,565560934400,-2.4173,-13986496512
"BGR","Bulgaria",1988,45.5657,10277765120,45.8961,10352293888,-0.3304,-74528768
"BGR","Bulgaria",1989,46.4206,10207166464,48.1584,10589278208,-1.7378,-382111744
"BGR","Bulgaria",1990,33.1192,6833181696,36.7279,7577727488,-3.6087,-744545792
"BGR","Bulgaria",1991,43.4783,4758064640,39.2041,4290322688,4.2741,467741952
"BGR","Bulgaria",1992,47.1116,4876288512,52.9382,5479381504,-5.8267,-603092992
"BGR","Bulgaria",1993,38.2068,4138643456,45.8347,4964922368,-7.628,-826278912
"BGR","Bulgaria",1994,45.0476,4368450048,45.6726,4429059072,-0.625,-60609024
"BGR","Bulgaria",1995,32.3395,6141772800,22.9232,4353466880,9.4163,1788305920
"BGR","Bulgaria",1996,48.4971,5962706944,37.3237,4588948992,11.1733,1373757952
"BGR","Bulgaria",1997,49.5762,5610103808,36.8876,4174241536,12.6886,1435862272
"BGR","Bulgaria",1998,41.9413,6304225792,35.1039,5276478976,6.8375,1027746816
"BGR","Bulgaria",1999,42.7498,5825652736,47.3252,6449155584,-4.5754,-623502848
"BGR","Bulgaria",2000,36.2189,4797546496,41.5268,5500642304,-5.308,-703095808
"BGR","Bulgaria",2001,34.8813,4947372032,44.2001,6269089280,-9.3187,-1321717248
"BGR","Bulgaria",2002,33.6473,5519181824,41.6223,6827325440,-7.975,-1308143616
"BGR","Bulgaria",2003,34.4169,7277450240,44.5969,9430005760,-10.18,-2152555520
"BGR","Bulgaria",2004,40.9566,10713333760,52.1073,13630083072,-11.1506,-2916749312
"BGR","Bulgaria",2005,42.5296,12703007744,57.1846,17080282112,-14.6551,-4377274368
"BGR","Bulgaria",2006,46.9779,16151249920,64.0696,22027470848,-17.0917,-5876220928
"BGR","Bulgaria",2007,52.355,23262814208,71.1775,31626174464,-18.8225,-8363360256
"BGR","Bulgaria",2008,52.4777,28590194688,72.2111,39341105152,-19.7334,-10750910464
"BGR","Bulgaria",2009,42.2188,21963855872,50.4738,26258393088,-8.2549,-4294537216
"BGR","Bulgaria",2010,50.1076,25431732224,53.3039,27053993984,-3.1963,-1622261760
"BGR","Bulgaria",2011,58.8029,33950300160,58.6533,33863923712,0.1496,86376448
"BGR","Bulgaria",2012,60.3537,32766140416,63.6398,34550157312,-3.2861,-1784016896
"BGR","Bulgaria",2013,64.5817,36065161216,65.151,36383064064,-0.5693,-317902848
"BGR","Bulgaria",2014,64.6009,36925583360,65.6864,37546057728,-1.0855,-620474368
"BGR","Bulgaria",2015,63.8001,32428365824,62.9009,31971303424,0.8992,457062400
"BGR","Bulgaria",2016,63.8705,34482069504,58.9633,31832827904,4.9071,2649241600
"BGR","Bulgaria",2017,66.9946,39756644352,62.682,37197418496,4.3126,2559225856
"BGR","Bulgaria",2018,65.6959,43621785600,63.1558,41935204352,2.54,1686581248
"BGR","Bulgaria",2019,63.9339,44058095616,60.7057,41833459712,3.2282,2224635904
"BGR","Bulgaria",2020,56.1209,39511560192,54.1609,38131654656,1.96,1379905536
"BGR","Bulgaria",2021,61.3262,51551645696,59.6479,50140856320,1.6783,1410789376
"BGR","Bulgaria",2022,68.5435,61031399424,67.7399,60315901952,0.8036,715497472
"CYP","Cyprus",1988,48.0786,2057181824,53.5047,2289354496,-5.4261,-232172672
"CYP","Cyprus",1989,51.46,2348366592,59.8742,2732346880,-8.4142,-383980288
"CYP","Cyprus",1990,51.5006,2879463680,57.1076,3192962816,-5.6071,-313499136
"CYP","Cyprus",1991,47.0857,2716934912,57.0943,3294451200,-10.0086,-577516288
"CYP","Cyprus",1992,49.457,3418539520,60.64,4191531264,-11.1831,-772991744
"CYP","Cyprus",1993,47.4914,3129819904,47.925,3158396928,-0.4336,-28577024
"CYP","Cyprus",1994,47.6895,3541280000,48.0867,3570773504,-0.3972,-29493504
"CYP","Cyprus",1995,66.7633,6631689728,67.6272,6717504512,-0.8639,-85814784
"CYP","Cyprus",1996,70.2076,7029131776,70.6413,7072548352,-0.4336,-43416576
"CYP","Cyprus",1997,69.1856,6605714944,70.5774,6738597376,-1.3918,-132882432
"CYP","Cyprus",1998,68.6975,7040543232,66.2123,6785841664,2.4852,254701568
"CYP","Cyprus",1999,66.9265,7025878016,64.2829,6748356096,2.6436,277521920
"CYP","Cyprus",2000,69.9628,6986380800,67.5321,6743650304,2.4307,242730496
"CYP","Cyprus",2001,68.2089,7092288000,63.6402,6617245184,4.5686,475042816
"CYP","Cyprus",2002,62.4053,7126829056,61.236,6993294336,1.1693,133534720
"CYP","Cyprus",2003,57.7621,8402847232,56.2425,8181782528,1.5196,221064704
"CYP","Cyprus",2004,56.8898,9853627392,57.0138,9875105792,-0.124,-21478400
"CYP","Cyprus",2005,55.6921,10265955328,56.225,10364178432,-0.5329,-98223104
"CYP","Cyprus",2006,53.4357,10726039552,56.3706,11315149824,-2.9349,-589110272
"CYP","Cyprus",2007,53.2589,12765499392,58.0161,13905730560,-4.7572,-1140231168
"CYP","Cyprus",2008,50.0816,13945070592,62.8441,17498755072,-12.7625,-3553684480
"CYP","Cyprus",2009,48.7221,12641149952,54.0687,14028341248,-5.3466,-1387191296
"CYP","Cyprus",2010,50.3345,12986277888,58.5672,15110295552,-8.2326,-2124017664
"CYP","Cyprus",2011,53.4541,14775539712,57.163,15800753152,-3.709,-1025213440
"CYP","Cyprus",2012,55.2784,13845815296,57.0659,14293540864,-1.7875,-447725568
"CYP","Cyprus",2013,61.2966,14686484480,59.6296,14287081472,1.667,399403008
"CYP","Cyprus",2014,65.9517,15317884928,64.8927,15071910912,1.0591,245974016
"CYP","Cyprus",2015,70.0173,13939933184,67.2591,13390800896,2.7582,549132288
"CYP","Cyprus",2016,70.4841,14834392064,68.538,14424826880,1.946,409565184
"CYP","Cyprus",2017,73.8365,16942950400,74.1769,17021059072,-0.3404,-78108672
"CYP","Cyprus",2018,74.9673,19189606400,73.5607,18829543424,1.4066,360062976
"CYP","Cyprus",2019,76.4931,19846291456,75.4621,19578775552,1.0311,267515904
"CYP","Cyprus",2020,81.3888,20353923072,82.767,20698583040,-1.3782,-344659968
"CYP","Cyprus",2021,86.617,24606201856,83.6955,23776274432,2.9214,829927424
"CYP","Cyprus",2022,91.5213,26027782144,91.8964,26134456320,-0.3751,-106674176
"CZE","Czech Republic",1990,32.9226,13409039360,30.5744,12452629504,2.3482,956409856
"CZE","Czech Republic",1991,38.4277,11474470912,32.8439,9807155200,5.5838,1667315712
"CZE","Czech Republic",1992,39.8587,13872829440,38.6536,13453377536,1.2051,419451904
"CZE","Czech Republic",1993,39.938,16321462272,38.8125,15861512192,1.1255,459950080
"CZE","Czech Republic",1994,37.0976,17751203840,38.2343,18295128064,-1.1367,-543924224
"CZE","Czech Republic",1995,40.2107,24184999936,43.2764,26028849152,-3.0656,-1843849216
"CZE","Czech Republic",1996,38.1332,25697372160,42.9643,28953008128,-4.8311,-3255635968
"CZE","Czech Republic",1997,40.2495,25027368960,44.3904,27602167808,-4.1408,-2574798848
"CZE","Czech Republic",1998,42.0515,28093562880,42.3643,28302538752,-0.3128,-208975872
"CZE","Czech Republic",1999,42.7603,27868207104,43.2389,28180103168,-0.4786,-311896064
"CZE","Czech Republic",2000,48.091,29731530752,49.9553,30884143104,-1.8644,-1152612352
"CZE","Czech Republic",2001,48.8565,33128964096,50.1559,34010091520,-1.2994,-881127424
"CZE","Czech Republic",2002,45.0041,36991684608,46.3305,38081929216,-1.3264,-1090244608
"CZE","Czech Republic",2003,46.728,46770323456,48.2455,48289128448,-1.5174,-1518804992
"CZE","Czech Republic",2004,57.0578,68363661312,56.4311,67612758016,0.6267,750903296
"CZE","Czech Republic",2005,61.8132,84772749312,59.4847,81579368448,2.3285,3193380864
"CZE","Czech Republic",2006,64.8754,101377064960,62.153,97122828288,2.7225,4254236672
"CZE","Czech Republic",2007,66.1008,125713162240,63.6782,121105907712,2.4225,4607254528
"CZE","Czech Republic",2008,62.9516,149080178688,60.7909,143963045888,2.1608,5117132800
"CZE","Czech Republic",2009,58.3454,121028435968,54.4518,112951738368,3.8936,8076697600
"CZE","Czech Republic",2010,65.543,137030721536,62.4859,130639249408,3.0571,6391472128
"CZE","Czech Republic",2011,70.8219,162580611072,67.041,153901039616,3.7809,8679571456
"CZE","Czech Republic",2012,75.6462,157992894464,70.8827,148043923456,4.7635,9948971008
"CZE","Czech Republic",2013,76.0584,161004650496,70.364,148950548480,5.6943,12054102016
"CZE","Czech Republic",2014,81.9543,171578507264,75.6207,158318624768,6.3336,13259882496
"CZE","Czech Republic",2015,80.5588,151477125120,74.6169,140304400384,5.9419,11172724736
"CZE","Czech Republic",2016,79.1071,155265089536,71.4792,140293685248,7.6279,14971404288
"CZE","Czech Republic",2017,79.0271,172776194048,71.5055,156331753472,7.5216,16444440576
"CZE","Czech Republic",2018,76.9436,191589924864,71.0049,176802709504,5.9386,14787215360
"CZE","Czech Republic",2019,73.8798,186582040576,67.8912,171458101248,5.9885,15123939328
"CZE","Czech Republic",2020,69.9488,172056182784,63.1995,155454816256,6.7492,16601366528
"CZE","Czech Republic",2021,72.7282,204941770752,69.7668,196596645888,2.9615,8345124864
"CZE","Czech Republic",2022,74.8393,217725091840,74.943,218026754048,-0.1037,-301662208
"DEU","Germany",1988,21.0901,295521320960,21.4364,300374458368,-0.3463,-4853137408
"DEU","Germany",1989,22.2996,311964434432,22.9163,320591560704,-0.6167,-8627126272
"DEU","Germany",1990,22.8358,404575944704,23.0278,407976050688,-0.1919,-3400105984
"DEU","Germany",1991,23.6649,442284015616,24.1525,451396567040,-0.4876,-9112551424
"DEU","Germany",1992,22.1947,473095798784,22.6961,483784589312,-0.5015,-10688790528
"DEU","Germany",1993,20.3134,420757143552,20.2633,419718430720,0.0501,1038712832
"DEU","Germany",1994,21.1107,465506795520,20.9472,461900677120,0.1635,3606118400
"DEU","Germany",1995,21.9942,568725274624,21.5874,558205239296,0.4068,10520035328
"DEU","Germany",1996,22.86,570870792192,22.1456,553029664768,0.7144,17841127424
"DEU","Germany",1997,25.3603,560966598656,24.2824,537123848192,1.0779,23842750464
"DEU","Germany",1998,26.4069,591248162816,25.1781,563734577152,1.2288,27513585664
"DEU","Germany",1999,26.9592,591740403712,26.4066,579610804224,0.5526,12129599488
"DEU","Germany",2000,30.8477,600907841536,30.6783,597608693760,0.1694,3299147776
"DEU","Germany",2001,31.8447,619631411200,30.2181,587981651968,1.6266,31649759232
"DEU","Germany",2002,32.5926,677431738368,28.3423,589090521088,4.2503,88341217280
"DEU","Germany",2003,32.8117,820831059968,29.0376,726416490496,3.7741,94414569472
"DEU","Germany",2004,35.7134,1005100466176,30.5128,858739179520,5.2005,146361286656
"DEU","Germany",2005,38.0596,1083504328704,32.8591,935455096832,5.2004,148049231872
"DEU","Germany",2006,41.4329,1240792825856,36.0168,1078597058560,5.4161,162195767296
"DEU","Germany",2007,43.3228,1484054986752,36.5517,1252105781248,6.7711,231949205504
"DEU","Germany",2008,43.7992,1640395309056,37.7256,1412923916288,6.0736,227471392768
"DEU","Germany",2009,38.1199,1300369637376,33.1088,1129427894272,5.0111,170941743104
"DEU","Germany",2010,42.5655,1447084687360,37.3032,1268183203840,5.2623,178901483520
"DEU","Germany",2011,45.0571,1689333923840,40.149,1505311850496,4.9081,184022073344
"DEU","Germany",2012,46.3071,1633318469632,40.2069,1418156179456,6.1002,215162290176
"DEU","Germany",2013,45.4187,1695844663296,39.6602,1480834285568,5.7585,215010377728
"DEU","Germany",2014,45.6193,1774175649792,39.0008,1516778553344,6.6184,257397096448
"DEU","Germany",2015,46.9207,1575404044288,39.3255,1320386953216,7.5953,255017091072
"DEU","Germany",2016,46.0733,1598674698240,38.6964,1342707728384,7.3769,255966969856
"DEU","Germany",2017,47.163,1740716638208,40.0742,1479076872192,7.0889,261639766016
"DEU","Germany",2018,47.3089,1880263753728,41.211,1637908348928,6.0978,242355404800
"DEU","Germany",2019,46.6696,1814620012544,41.0168,1594825768960,5.6528,219794243584
"DEU","Germany",2020,43.0131,1673068281856,37.3852,1454159560704,5.628,218908721152
"DEU","Germany",2021,47.0306,2003471040512,41.7122,1776913612800,5.3183,226557427712
"DEU","Germany",2022,50.3379,2049854013440,48.2813,1966107131904,2.0566,83746881536
"DNK","Denmark",1988,33.6157,38843768832,30.1396,34826997760,3.4761,4016771072
"DNK","Denmark",1989,35.42,39815434240,31.6249,35549442048,3.795,4265992192
"DNK","Denmark",1990,36.4232,50354364416,30.867,42673131520,5.5561,7681232896
"DNK","Denmark",1991,37.6825,52463652864,31.4641,43806011392,6.2184,8657641472
"DNK","Denmark",1992,36.9544,56508723200,30.0476,45947207680,6.9068,10561515520
"DNK","Denmark",1993,36.5662,52360900608,29.0387,41581920256,7.5275,10778980352
"DNK","Denmark",1994,36.8519,57549185024,30.9286,48299196416,5.9233,9249988608
"DNK","Denmark",1995,36.612,67735044096,31.9026,59022442496,4.7093,8712601600
"DNK","Denmark",1996,37.0674,69550743552,31.4039,58924130304,5.6635,10626613248
"DNK","Denmark",1997,37.7629,65533186048,33.4056,57971654656,4.3573,7561531392
"DNK","Denmark",1998,37.1866,65816952832,34.1126,60376236032,3.074,5440716800
"DNK","Denmark",1999,39.3484,70026117120,33.3488,59348844544,5.9997,10677272576
"DNK","Denmark",2000,44.8473,73620299776,38.1367,62604361728,6.7106,11015938048
"DNK","Denmark",2001,45.5545,75069751296,38.4141,63302987776,7.1404,11766763520
"DNK","Denmark",2002,45.7045,81644126208,38.8525,69404098560,6.852,12240027648
"DNK","Denmark",2003,43.8384,95610216448,37.0433,80790290432,6.7951,14819926016
"DNK","Denmark",2004,43.9284,110425022464,38.2793,96224600064,5.6491,14200422400
"DNK","Denmark",2005,47.4521,125495164928,41.9476,110937554944,5.5045,14557609984
"DNK","Denmark",2006,50.73,143508193280,46.6367,131928653824,4.0934,11579539456
"DNK","Denmark",2007,51.4825,164447256576,48.5853,155192852480,2.8972,9254404096
"DNK","Denmark",2008,54.1758,191434997760,50.6524,178984878080,3.5234,12450119680
"DNK","Denmark",2009,47.1261,151389356032,42.629,136942698496,4.4971,14446657536
"DNK","Denmark",2010,50.5229,162681438208,43.577,140316049408,6.9459,22365388800
"DNK","Denmark",2011,53.8201,185143001088,47.4256,163145711616,6.3945,21997289472
"DNK","Denmark",2012,54.6305,178723078144,48.6105,159028658176,6.02,19694419968
"DNK","Denmark",2013,54.8288,188383264768,48.2213,165680939008,6.6075,22702325760
"DNK","Denmark",2014,54.6131,192780910592,47.6508,168204206080,6.9624,24576704512
"DNK","Denmark",2015,55.4182,167735885824,48.6301,147190071296,6.7881,20545814528
"DNK","Denmark",2016,53.426,167285260288,46.7428,146359304192,6.6831,20925956096
"DNK","Denmark",2017,55.0774,182923575296,47.902,159092670464,7.1754,23830904832
"DNK","Denmark",2018,56.5598,201828696064,50.4152,179902185472,6.1446,21926510592
"DNK","Denmark",2019,58.6472,203211751424,51.5776,178715901952,7.0695,24495849472
"DNK","Denmark",2020,54.9296,195122348032,48.5826,172576440320,6.347,22545907712
"DNK","Denmark",2021,59.6585,237621919744,52.5217,209195712512,7.1368,28426207232
"DNK","Denmark",2022,69.314,274070192128,58.6861,232047034368,10.6279,42023157760
"ESP","Spain",1988,17.3028,65086234624,19.4107,73015345152,-2.1079,-7929110528
"ESP","Spain",1989,16.6024,68859535360,20.7818,86194003968,-4.1794,-17334468608
"ESP","Spain",1990,15.7248,84372758528,19.8859,106699694080,-4.1611,-22326935552
"ESP","Spain",1991,15.7607,90965540864,19.7178,113804599296,-3.9571,-22839058432
"ESP","Spain",1992,16.1875,102129836032,19.7903,124860129280,-3.6027,-22730293248
"ESP","Spain",1993,17.7089,92985057280,19.241,101029838848,-1.5321,-8044781568
"ESP","Spain",1994,20.3111,107763294208,21.3333,113186750464,-1.0222,-5423456256
"ESP","Spain",1995,21.8271,134151323648,22.9483,141042171904,-1.1212,-6890848256
"ESP","Spain",1996,23.0324,148003422208,23.2129,149163278336,-0.1805,-1159856128
"ESP","Spain",1997,25.6698,151471587328,25.4965,150448865280,0.1733,1022722048
"ESP","Spain",1998,26.1019,161627127808,26.5595,164460412928,-0.4576,-2833285120
"ESP","Spain",1999,26.3515,167307722752,28.285,179583336448,-1.9334,-12275613696
"ESP","Spain",2000,28.5634,170912661504,31.519,188597993472,-2.9556,-17685331968
"ESP","Spain",2001,27.8616,174923612160,30.1355,189199941632,-2.2739,-14276329472
"ESP","Spain",2002,26.554,188203204608,28.5452,202315907072,-1.9912,-14112702464
"ESP","Spain",2003,25.6289,232580153344,27.8348,252598288384,-2.2059,-20018135040
"ESP","Spain",2004,25.412,271668264960,29.1122,311225614336,-3.7002,-39557349376
"ESP","Spain",2005,24.9793,288189775872,29.783,343611506688,-4.8038,-55421730816
"ESP","Spain",2006,25.2413,318141104128,30.9358,389914918912,-5.6945,-71773814784
"ESP","Spain",2007,25.9847,383015714816,31.7629,468185448448,-5.7781,-85169733632
"ESP","Spain",2008,25.6239,418147532800,30.3594,495423979520,-4.7355,-77276446720
"ESP","Spain",2009,23.0617,343958913024,23.9332,356956897280,-0.8715,-12997984256
"ESP","Spain",2010,25.9517,369060970496,26.9766,383635881984,-1.0249,-14574911488
"ESP","Spain",2011,29.535,437327298560,29.2582,433229365248,0.2768,4097933312
"ESP","Spain",2012,31.4551,416701939712,29.39,389343641600,2.0652,27358298112
"ESP","Spain",2013,32.952,446689935360,29.0244,393448325120,3.9276,53241610240
"ESP","Spain",2014,33.468,459120574464,30.3703,416625819648,3.0977,42494754816
"ESP","Spain",2015,33.6109,402038652928,30.5723,365693239296,3.0385,36345413632
"ESP","Spain",2016,33.8625,417712013312,29.8774,368554475520,3.985,49157537792
"ESP","Spain",2017,35.1306,461350502400,31.5265,414020239360,3.6041,47330263040
"ESP","Spain",2018,35.1451,499658326016,32.4299,461056442368,2.7152,38601883648
"ESP","Spain",2019,34.9069,486713917440,31.967,445722132480,2.9399,40991784960
"ESP","Spain",2020,30.7999,393303818240,29.3432,374702014464,1.4567,18601803776
"ESP","Spain",2021,34.9335,498633867264,33.4483,477434413056,1.4852,21199454208
"ESP","Spain",2022,41.5513,580683694080,40.1419,560986390528,1.4095,19697303552
"EST","Estonia",1995,65.9013,2967518464,73.1861,3295549952,-7.2848,-328031488
"EST","Estonia",1996,61.2793,2932836608,71.6982,3431489024,-10.4189,-498652416
"EST","Estonia",1997,70.3824,3627803136,80.669,4158018560,-10.2866,-530215424
"EST","Estonia",1998,73.6343,4178072064,83.2039,4721055744,-9.5695,-542983680
"EST","Estonia",1999,69.8661,4022130432,74.2503,4274527232,-4.3842,-252396800
"EST","Estonia",2000,61.6274,3504491008,64.8682,3688782848,-3.2408,-184291840
"EST","Estonia",2001,61.252,3831095808,65.205,4078345728,-3.9531,-247249920
"EST","Estonia",2002,57.9559,4270175232,65.3623,4815881216,-7.4065,-545705984
"EST","Estonia",2003,57.1623,5644211712,65.6146,6478792704,-8.4523,-834580992
"EST","Estonia",2004,61.0793,7418642432,68.8989,8368396288,-7.8195,-949753856
"EST","Estonia",2005,65.435,9230781440,70.5038,9945822208,-5.0688,-715040768
"EST","Estonia",2006,63.2668,10769819648,73.3765,12490778624,-10.1097,-1720958976
"EST","Estonia",2007,62.5986,14052834304,71.389,16026215424,-8.7905,-1973381120
"EST","Estonia",2008,66.3923,16160989184,70.2968,17111420928,-3.9045,-950431744
"EST","Estonia",2009,60.8644,11949521920,55.9004,10974937088,4.964,974584832
"EST","Estonia",2010,75.0493,14652235776,68.6289,13398749184,6.4204,1253486592
"EST","Estonia",2011,86.6038,20104198144,80.7882,18754164736,5.8156,1350033408
"EST","Estonia",2012,86.2078,19844300800,84.5521,19463182336,1.6557,381118464
"EST","Estonia",2013,84.5682,21239932928,81.8847,20565950464,2.6835,673982464
"EST","Estonia",2014,81.8654,21804107776,78.376,20874741760,3.4894,929366016
"EST","Estonia",2015,77.4355,17725575168,73.5017,16825097216,3.9338,900477952
"EST","Estonia",2016,77.0075,18537893888,73.4012,17669736448,3.6064,868157440
"EST","Estonia",2017,75.8099,20411336704,71.7539,19319287808,4.056,1092048896
"EST","Estonia",2018,74.3239,22761486336,71.5964,21926197248,2.7275,835289088
"EST","Estonia",2019,73.8847,22964766720,69.8698,21716877312,4.0148,1247889408
"EST","Estonia",2020,69.2739,21731485696,69.1925,21705953280,0.0814,25532416
"EST","Estonia",2021,78.2967,29119436800,78.6614,29255090176,-0.3647,-135653376
"EST","Estonia",2022,85.5018,32576888832,86.0657,32791715840,-0.5638,-214827008
"FIN","Finland",1988,23.9055,26071072768,24.2522,26449182720,-0.3467,-378109952
"FIN","Finland",1989,23.0234,27400581120,24.8513,29576001536,-1.8279,-2175420416
"FIN","Finland",1990,22.1462,31323277312,23.6953,33514227712,-1.549,-2190950400
"FIN","Finland",1991,21.2695,27176886272,22.2189,28389943296,-0.9494,-1213057024
"FIN","Finland",1992,25.5443,28745687040,24.6975,27792672768,0.8469,953014272
"FIN","Finland",1993,31.381,27996252160,26.784,23895076864,4.597,4101175296
"FIN","Finland",1994,34.0356,35158794240,28.3926,29329539072,5.643,5829255168
"FIN","Finland",1995,35.7649,47992918016,28.3088,37987471360,7.4562,10005446656
"FIN","Finland",1996,36.3195,47988609024,29.4025,38849339392,6.9169,9139269632
"FIN","Finland",1997,37.7774,47944105984,30.4439,38637039616,7.3335,9307066368
"FIN","Finland",1998,37.4388,50182463488,29.5284,39579439104,7.9104,10603024384
"FIN","Finland",1999,37.6044,50865246208,28.6355,38733512704,8.9689,12131733504
"FIN","Finland",2000,42.031,52967333888,32.8638,41414787072,9.1673,11552546816
"FIN","Finland",2001,39.7641,51507654656,30.5128,39524130816,9.2513,11983523840
"FIN","Finland",2002,39.135,54947291136,30.1645,42352246784,8.9705,12595044352
"FIN","Finland",2003,37.3208,64062136320,30.735,52757319680,6.5859,11304816640
"FIN","Finland",2004,38.6154,76257427456,32.3448,63874383872,6.2705,12383043584
"FIN","Finland",2005,40.2734,82514288640,36.3058,74385399808,3.9675,8128888832
"FIN","Finland",2006,43.0742,93509468160,38.9093,84467900416,4.1649,9041567744
"FIN","Finland",2007,43.8259,112360013824,39.0315,100068196352,4.7944,12291817472
"FIN","Finland",2008,44.9,128286646272,41.2843,117956059136,3.6157,10330587136
"FIN","Finland",2009,36.0809,91464253440,34.0424,86296584192,2.0385,5167669248
"FIN","Finland",2010,38.4144,95814844416,37.05,92411731968,1.3644,3403112448
"FIN","Finland",2011,38.9004,107211177984,39.6792,109357572096,-0.7788,-2146394112
"FIN","Finland",2012,38.8083,100237926400,40.3622,104251604992,-1.5539,-4013678592
"FIN","Finland",2013,38.0176,103165550592,39.0763,106038272000,-1.0586,-2872721408
"FIN","Finland",2014,36.4814,100273913856,37.6313,103434412032,-1.1498,-3160498176
"FIN","Finland",2015,35.407,83041492992,35.9756,84375126016,-0.5686,-1333633024
"FIN","Finland",2016,34.8105,83813597184,36.088,86889676800,-1.2776,-3076079616
"FIN","Finland",2017,37.5495,95994658816,37.5036,95877169152,0.046,117489664
"FIN","Finland",2018,38.4688,106061520896,39.7234,109520543744,-1.2546,-3459022848
"FIN","Finland",2019,39.8807,107085570048,39.7248,106666893312,0.1559,418676736
"FIN","Finland",2020,35.7876,97301405696,35.7111,97093525504,0.0765,207880192
"FIN","Finland",2021,39.5516,117226119168,39.4618,116960010240,0.0898,266108928
"FIN","Finland",2022,44.8914,126066769920,47.6438,133796151296,-2.7524,-7729381376
"FRA","France",1988,20.3667,207505784832,21.0255,214217605120,-0.6588,-6711820288
"FRA","France",1989,21.6582,222041948160,22.3436,229069504512,-0.6855,-7027556352
"FRA","France",1990,20.9757,266219732992,21.7603,276177584128,-0.7846,-9957851136
"FRA","France",1991,21.3349,270798749696,21.6488,274783158272,-0.3139,-3984408576
"FRA","France",1992,21.3306,298940530688,20.6611,289557610496,0.6695,9382920192
"FRA","France",1993,20.7926,275047481344,19.1125,252823715840,1.68,22223765504
"FRA","France",1994,21.6603,301941161984,20.1659,281109397504,1.4944,20831764480
"FRA","France",1995,22.6229,362214490112,21.0232,336601382912,1.5997,25613107200
"FRA","France",1996,23.0556,370197463040,21.2737,341586116608,1.7819,28611346432
"FRA","France",1997,25.5232,370822643712,22.5103,327048790016,3.0129,43773853696
"FRA","France",1998,26.1265,392709570560,23.3803,351430967296,2.7462,41278603264
"FRA","France",1999,26.0765,389362253824,23.6844,353643823104,2.3922,35718430720
"FRA","France",2000,28.595,390504316928,27.2663,372359004160,1.3287,18145312768
"FRA","France",2001,28.2659,389407178752,26.6935,367744581632,1.5724,21662597120
"FRA","France",2002,27.531,413353771008,25.541,383474597888,1.9901,29879173120
"FRA","France",2003,26.112,481646968832,24.6859,455341834240,1.4261,26305134592
"FRA","France",2004,26.4688,561042227200,25.4562,539577450496,1.0127,21464776704
"FRA","France",2005,27.0331,593901322240,26.9477,592025223168,0.0854,1876099072
"FRA","France",2006,27.9351,648243052544,28.1684,653657243648,-0.2333,-5414191104
"FRA","France",2007,27.8533,741061361664,28.5675,760064376832,-0.7142,-19003015168
"FRA","France",2008,28.1194,823983407104,29.2777,857925484544,-1.1583,-33942077440
"FRA","France",2009,24.8355,670780162048,25.6269,692153810944,-0.7914,-21373648896
"FRA","France",2010,26.7883,708600856576,28.0795,742755270656,-1.2912,-34154414080
"FRA","France",2011,28.4213,814316126208,30.3692,870126518272,-1.9479,-55810392064
"FRA","France",2012,29.203,783713370112,30.499,818493915136,-1.296,-34780545024
"FRA","France",2013,29.3647,825700253696,30.3993,854791356416,-1.0346,-29091102720
"FRA","France",2014,29.6667,847269986304,30.8121,879983001600,-1.1454,-32713015296
"FRA","France",2015,30.5926,746211770368,31.1591,760028528640,-0.5664,-13816758272
"FRA","France",2016,30.2475,748010799104,30.8526,762973913088,-0.6051,-14963113984
"FRA","France",2017,30.9486,803163799552,32.0132,830791286784,-1.0646,-27627487232
"FRA","France",2018,31.7137,885114798080,32.7243,913320706048,-1.0106,-28205907968
"FRA","France",2019,31.5921,862106222592,32.5494,888231362560,-0.9574,-26125139968
"FRA","France",2020,27.4502,724413906944,29.4136,776227323904,-1.9634,-51813416960
"FRA","France",2021,29.4488,871058702336,31.3909,928505528320,-1.9422,-57446825984
"FRA","France",2022,34.0128,946543329280,38.1307,1061142396928,-4.118,-114599067648
"GRC","Greece",1988,16.3146,12441705472,23.2987,17767852032,-6.9841,-5326146560
"GRC","Greece",1989,15.9458,12624100352,24.8381,19664089088,-8.8924,-7039988736
"GRC","Greece",1990,14.7786,14466921472,25.3497,24815116288,-10.5711,-10348194816
"GRC","Greece",1991,14.1996,14929958912,24.3931,25647742976,-10.1935,-10717784064
"GRC","Greece",1992,14.8788,17292881920,23.9438,27828549632,-9.0649,-10535667712
"GRC","Greece",1993,14.0478,15285243904,22.9781,25002289152,-8.9304,-9717045248
"GRC","Greece",1994,14.4456,16843841536,21.7175,25323012096,-7.2719,-8479170560
"GRC","Greece",1995,14.4253,19745091584,22.6826,31047569408,-8.2573,-11302477824
"GRC","Greece",1996,14.287,20839186432,23.2093,33853423616,-8.9223,-13014237184
"GRC","Greece",1997,16.2223,23223406592,23.052,33000638464,-6.8297,-9777231872
"GRC","Greece",1998,16.2966,23536857088,25.9717,37510447104,-9.6751,-13973590016
"GRC","Greece",1999,19.2561,27457026048,28.1215,40098156544,-8.8654,-12641130496
"GRC","Greece",2000,23.7184,30942468096,34.6973,45265313792,-10.9789,-14322845696
"GRC","Greece",2001,22.7887,31063177216,33.3512,45460819968,-10.5625,-14397642752
"GRC","Greece",2002,20.1129,31087273984,30.2361,46734249984,-10.1233,-15646976000
"GRC","Greece",2003,18.5446,37528698880,29.6455,59993579520,-11.1009,-22464880640
"GRC","Greece",2004,20.7081,49899012096,29.1903,70338052096,-8.4822,-20439040000
"GRC","Greece",2005,21.3122,52827783168,29.5886,73342951424,-8.2764,-20515168256
"GRC","Greece",2006,21.174,57920806912,31.6762,86649290752,-10.5022,-28728483840
"GRC","Greece",2007,22.5203,71817781248,35.0041,111629082624,-12.4838,-39811301376
"GRC","Greece",2008,23.3616,83145850880,35.9681,128013762560,-12.6066,-44867911680
"GRC","Greece",2009,18.9822,62889598976,28.7617,95289827328,-9.7795,-32400228352
"GRC","Greece",2010,21.7981,64767602688,29.3992,87352311808,-7.6011,-22584709120
"GRC","Greece",2011,25.4898,72135024640,31.3442,88702787584,-5.8544,-16567762944
"GRC","Greece",2012,28.7426,69565464576,33.3187,80641032192,-4.5761,-11075567616
"GRC","Greece",2013,30.2072,72167342080,32.6693,78049460224,-2.4621,-5882118144
"GRC","Greece",2014,32.4856,76489981952,34.0407,80151666688,-1.5551,-3661684736
"GRC","Greece",2015,32.1272,62867562496,33.1505,64870129664,-1.0234,-2002567168
"GRC","Greece",2016,31.2875,60431142912,32.7317,63220752384,-1.4443,-2789609472
"GRC","Greece",2017,35.0341,70013673472,36.5449,73032851456,-1.5108,-3019177984
"GRC","Greece",2018,38.9929,82684239872,41.1571,87273447424,-2.1642,-4589207552
"GRC","Greece",2019,40.1099,82328453120,41.7743,85744664576,-1.6644,-3416211456
"GRC","Greece",2020,31.9884,60434497536,39.6824,74970357760,-7.6939,-14535860224
"GRC","Greece",2021,40.874,87827554304,48.5869,104400551936,-7.7129,-16572997632
"GRC","Greece",2022,48.7372,106766532608,58.1806,127453945856,-9.4435,-20687413248
"HRV","Croatia",1995,27.2996,6218393600,35.4884,8083646976,-8.1887,-1865253376
"HRV","Croatia",1996,30.3116,7319503360,36.7522,8874758144,-6.4406,-1555254784
"HRV","Croatia",1997,31.0484,7505217024,43.8455,10598599680,-12.7971,-3093382656
"HRV","Croatia",1998,29.1421,7543494144,35.8548,9281097728,-6.7127,-1737603584
"HRV","Croatia",1999,30.1452,7165553664,36.1363,8589647872,-5.9911,-1424094208
"HRV","Croatia",2000,35.0245,7750475776,39.5265,8746718208,-4.502,-996242432
"HRV","Croatia",2001,37.109,8558572544,42.2982,9755362304,-5.1891,-1196789760
"HRV","Croatia",2002,35.8498,9592425472,45.2684,12112578560,-9.4186,-2520153088
"HRV","Croatia",2003,35.543,12530633728,45.9103,16185609216,-10.3673,-3654975488
"HRV","Croatia",2004,36.5304,15289896960,45.0507,18856071168,-8.5202,-3566174208
"HRV","Croatia",2005,36.3693,16375410688,45.0685,20292237312,-8.6992,-3916826624
"HRV","Croatia",2006,37.5603,18604607488,46.0195,22794670080,-8.4592,-4190062592
"HRV","Croatia",2007,37.5338,22209820672,45.8815,27149391872,-8.3477,-4939571200
"HRV","Croatia",2008,36.0505,24637673472,46.1871,31565228032,-10.1366,-6927554560
"HRV","Croatia",2009,32.2899,20000843776,37.8399,23438567424,-5.55,-3437723648
"HRV","Croatia",2010,35.6598,20930019328,37.3233,21906374656,-1.6635,-976355328
"HRV","Croatia",2011,38.2231,23927576576,39.9173,24988121088,-1.6942,-1060544512
"HRV","Croatia",2012,38.933,22281951232,40.5308,23196372992,-1.5978,-914421760
"HRV","Croatia",2013,39.7593,23602382848,41.7555,24787394560,-1.9962,-1185011712
"HRV","Croatia",2014,42.6887,25277890560,43.0821,25510842368,-0.3934,-232951808
"HRV","Croatia",2015,45.6754,23176628224,45.4887,23081914368,0.1867,94713856
"HRV","Croatia",2016,46.864,24552529920,45.7667,23977629696,1.0973,574900224
"HRV","Croatia",2017,49.1108,27471341568,48.524,27143102464,0.5868,328239104
"HRV","Croatia",2018,49.3929,30292932608,50.2714,30831681536,-0.8784,-538748928
"HRV","Croatia",2019,50.5945,31029260288,51.006,31281588224,-0.4114,-252327936
"HRV","Croatia",2020,41.482,23903985664,48.5034,27950047232,-7.0214,-4046061568
"HRV","Croatia",2021,51.278,35301662720,52.7485,36314021888,-1.4705,-1012359168
"HRV","Croatia",2022,60.6475,43038261248,65.2693,46318104576,-4.6218,-3279843328
"HUN","Hungary",1991,28.768,9997911040,29.5933,10284719104,-0.8253,-286808064
"HUN","Hungary",1992,27.6147,10695326720,27.8267,10777434112,-0.212,-82107392
"HUN","Hungary",1993,23.1918,9305672704,30.3693,12185639936,-7.1775,-2879967232
"HUN","Hungary",1994,25.4007,10964647936,31.0595,13407336448,-5.6587,-2442688512
"HUN","Hungary",1995,39.1885,18193518592,39.1962,18197112832,-0.0077,-3594240
"HUN","Hungary",1996,41.8828,19541991424,41.4094,19321122816,0.4734,220868608
"HUN","Hungary",1997,47.9054,22657808384,46.9433,22202755072,0.9621,455053312
"HUN","Hungary",1998,52.9302,25780596736,54.4997,26545063936,-1.5695,-764467200
"HUN","Hungary",1999,55.6437,27306219520,58.3821,28650076160,-2.7385,-1343856640
"HUN","Hungary",2000,66.8579,31569233920,70.5487,33311981568,-3.6908,-1742747648
"HUN","Hungary",2001,64.8773,34871554048,66.1677,35565158400,-1.2904,-693604352
"HUN","Hungary",2002,58.137,39305781248,60.1831,40689168384,-2.0462,-1383387136
"HUN","Hungary",2003,56.3443,48053321728,60.285,51414097920,-3.9406,-3360776192
"HUN","Hungary",2004,59.5623,62016700416,63.884,66516582400,-4.3218,-4499881984
"HUN","Hungary",2005,62.5152,70774177792,65.2979,73924501504,-2.7827,-3150323712
"HUN","Hungary",2006,73.7806,85375664128,75.2281,87050600448,-1.4475,-1674936320
"HUN","Hungary",2007,77.8196,109092675584,77.6787,108895182848,0.1409,197492736
"HUN","Hungary",2008,79.1809,125363650560,79.1444,125305798656,0.0365,57851904
"HUN","Hungary",2009,74.2243,97285193728,70.7756,92765126656,3.4486,4520067072
"HUN","Hungary",2010,81.1073,107203862528,76.3576,100925939712,4.7497,6277922816
"HUN","Hungary",2011,86.0777,122180632576,80.3555,114058395648,5.7222,8122236928
"HUN","Hungary",2012,85.8794,110624931840,79.7693,102754205696,6.1101,7870726144
"HUN","Hungary",2013,85.4108,115889086464,78.9353,107102806016,6.4755,8786280448
"HUN","Hungary",2014,87.1235,122873577472,81.2711,114619801600,5.8523,8253775872
"HUN","Hungary",2015,87.5265,109560504320,79.794,99881467904,7.7325,9679036416
"HUN","Hungary",2016,86.4047,111124979712,77.9992,100314619904,8.4055,10810359808
"HUN","Hungary",2017,85.9196,122961371136,79.309,113500782592,6.6106,9460588544
"HUN","Hungary",2018,83.7553,134482264064,79.5052,127658033152,4.2501,6824230912
"HUN","Hungary",2019,81.5297,133725454336,79.2216,129939636224,2.3081,3785818112
"HUN","Hungary",2020,78.706,123747213312,76.7778,120715476992,1.9283,3031736320
"HUN","Hungary",2021,80.2532,146281938944,79.9464,145722720256,0.3068,559218688
"HUN","Hungary",2022,90.3778,161585250304,94.4707,168902819840,-4.0929,-7317569536
"IRL","Ireland",1988,55.5924,20998868992,49.626,18745180160,5.9664,2253688832
"IRL","Ireland",1989,58.9282,23122497536,53.5371,21007093760,5.3912,2115403776
"IRL","Ireland",1990,54.7062,26973255680,50.3232,24812177408,4.383,2161078272
"IRL","Ireland",1991,55.5819,27672815616,50.8584,25321117696,4.7235,2351697920
"IRL","Ireland",1992,58.4055,32659492864,51.14,28596733952,7.2655,4062758912
"IRL","Ireland",1993,63.367,33215375360,53.2357,27904819200,10.1313,5310556160
"IRL","Ireland",1994,67.9601,38803595264,58.5289,33418612736,9.4312,5384982528
"IRL","Ireland",1995,73.52,50831601664,62.5831,43269877760,10.9369,7561723904
"IRL","Ireland",1996,74.907,56772636672,63.9611,48476635136,10.9459,8296001536
"IRL","Ireland",1997,77.1248,63903019008,65.1447,53976715264,11.9801,9926303744
"IRL","Ireland",1998,84.3241,76059820032,73.4483,66249969664,10.8757,9809850368
"IRL","Ireland",1999,86.4601,85503819776,73.4109,72598970368,13.0492,12904849408
"IRL","Ireland",2000,94.3895,94585421824,80.5651,80732356608,13.8244,13853065216
"IRL","Ireland",2001,95.2244,104124694528,79.6163,87057825792,15.608,17066868736
"IRL","Ireland",2002,90.4495,116314439680,73.2699,94222155776,17.1796,22092283904
"IRL","Ireland",2003,80.8406,133120827392,65.6909,108173729792,15.1497,24947097600
"IRL","Ireland",2004,80.4756,156422094848,66.1119,128503185408,14.3636,27918909440
"IRL","Ireland",2005,79.5277,168500887552,68.6479,145449074688,10.8798,23051812864
"IRL","Ireland",2006,79.0347,183503192064,70.9871,164818354176,8.0475,18684837888
"IRL","Ireland",2007,80.8368,218323435520,72.5601,195969712128,8.2767,22353723392
"IRL","Ireland",2008,84.3333,232293892096,75.7062,208530702336,8.6271,23763189760
"IRL","Ireland",2009,93.5562,221207117824,80.0353,189238018048,13.5208,31969099776
"IRL","Ireland",2010,103.2429,229110071296,86.6826,192360349696,16.5604,36749721600
"IRL","Ireland",2011,103.2562,246785556480,84.5865,202164305920,18.6697,44621250560
"IRL","Ireland",2012,104.4167,235594121216,87.0299,196364533760,17.3868,39229587456
"IRL","Ireland",2013,104.0085,247894802432,85.2336,203146559488,18.7749,44748242944
"IRL","Ireland",2014,110.1216,285403250688,92.1228,238755414016,17.9989,46647836672
"IRL","Ireland",2015,122.0962,356246519808,93.3337,272324689920,28.7625,83921829888
"IRL","Ireland",2016,121.6956,363980652544,106.0423,317163208704,15.6532,46817443840
"IRL","Ireland",2017,121.0169,407073554432,98.9871,332970328064,22.0298,74103226368
"IRL","Ireland",2018,122.7847,473625690112,94.2914,363716575232,28.4933,109909114880
"IRL","Ireland",2019,127.8796,510651170816,124.3699,496635805696,3.5098,14015365120
"IRL","Ireland",2020,133.3372,567819501568,114.4286,487296630784,18.9086,80522870784
"IRL","Ireland",2021,134.4148,677695979520,95.0312,479131009024,39.3836,198564970496
"IRL","Ireland",2022,136.9511,724806664192,99.6222,527245115392,37.3289,197561548800
"ITA","Italy",1988,17.578,156726919168,17.5331,156326805504,0.0449,400113664
"ITA","Italy",1989,18.5167,171957043200,18.5361,172137693184,-0.0195,-180649984
"ITA","Italy",1990,18.2594,215684612096,18.0623,213356118016,0.1971,2328494080
"ITA","Italy",1991,17.036,212306182144,16.8424,209893736448,0.1936,2412445696
"ITA","Italy",1992,17.4792,230753566720,17.4345,230163873792,0.0447,589692928
"ITA","Italy",1993,20.3991,217241812992,17.3601,184878137344,3.039,32363675648
"ITA","Italy",1994,21.8711,240410656768,18.5839,204277776384,3.2871,36132880384
"ITA","Italy",1995,24.6725,289818378240,21.0121,246820749312,3.6604,42997628928
"ITA","Italy",1996,23.7047,311106535424,19.174,251644870656,4.5307,59461664768
"ITA","Italy",1997,24.1498,299911315456,20.4387,253824237568,3.7111,46087077888
"ITA","Italy",1998,24.063,305612128256,21.0298,267089330176,3.0332,38522798080
"ITA","Italy",1999,23.2007,290576924672,21.42,268274696192,1.7807,22302228480
"ITA","Italy",2000,25.6277,293867290624,24.7779,284121956352,0.8499,9745334272
"ITA","Italy",2001,25.649,299586453504,24.3858,284831776768,1.2632,14754676736
"ITA","Italy",2002,24.4075,311627055104,23.6505,301961773056,0.757,9665282048
"ITA","Italy",2003,23.3022,367620456448,22.8467,360433745920,0.4555,7186710528
"ITA","Italy",2004,24.0098,433747853312,23.4205,423101431808,0.5893,10646421504
"ITA","Italy",2005,24.6011,457141714944,24.6999,458978131968,-0.0988,-1836417024
"ITA","Italy",2006,26.1735,510265688064,26.9947,526275444736,-0.8212,-16009756672
"ITA","Italy",2007,27.361,605527932928,27.7004,613038555136,-0.3394,-7510622208
"ITA","Italy",2008,26.8628,647031685120,27.6301,665513885696,-0.7673,-18482200576
"ITA","Italy",2009,22.3992,492765609984,23.0196,506414825472,-0.6204,-13649215488
"ITA","Italy",2010,25.074,535606755328,26.9321,575297421312,-1.8581,-39690665984
"ITA","Italy",2011,26.8725,616721481728,28.2731,648865120256,-1.4006,-32143638528
"ITA","Italy",2012,28.3792,592262791168,27.2755,569227673600,1.1038,23035117568
"ITA","Italy",2013,28.6332,613302337536,26.2343,561919557632,2.3989,51382779904
"ITA","Italy",2014,29.1088,629335654400,26.2133,566733766656,2.8955,62601887744
"ITA","Italy",2015,29.716,545774927872,26.7022,490422566912,3.0138,55352360960
"ITA","Italy",2016,29.3279,550505545728,26.0397,488784068608,3.2882,61721477120
"ITA","Italy",2017,30.7337,602933231616,27.8704,546761277440,2.8633,56171954176
"ITA","Italy",2018,31.3536,655895166976,28.95,605614374912,2.4036,50280792064
"ITA","Italy",2019,31.6024,635620163584,28.2766,568727109632,3.3259,66893053952
"ITA","Italy",2020,29.4362,558466138112,25.8368,490179395584,3.5993,68286742528
"ITA","Italy",2021,32.6934,691254853632,30.4153,643087466496,2.2781,48167387136
"ITA","Italy",2022,37.1496,746867589120,38.6904,777843310592,-1.5407,-30975721472
"LTU","Lithuania",1995,37.1618,2923572224,47.7944,3760052736,-10.6326,-836480512
"LTU","Lithuania",1996,41.9534,3516750848,51.2497,4296019968,-9.2964,-779269120
"LTU","Lithuania",1997,44.974,4550757888,55.0516,5570465280,-10.0775,-1019707392
"LTU","Lithuania",1998,39.1276,4397764096,50.5307,5679421440,-11.4031,-1281657344
"LTU","Lithuania",1999,32.4182,3556785408,42.4033,4652317696,-9.9852,-1095532288
"LTU","Lithuania",2000,38.5939,4447864320,44.7847,5161331712,-6.1907,-713467392
"LTU","Lithuania",2001,44.097,5396323840,49.5687,6065911296,-5.4717,-669587456
"LTU","Lithuania",2002,47.4038,6759675904,53.0868,7570066432,-5.6831,-810390528
"LTU","Lithuania",2003,46.221,8681096192,52.0139,9769109504,-5.7929,-1088013312
"LTU","Lithuania",2004,48.7714,11035742208,55.8327,12633539584,-7.0613,-1597797376
"LTU","Lithuania",2005,55.1297,14387565568,62.3539,16272919552,-7.2242,-1885353984
"LTU","Lithuania",2006,57.0375,17215942656,67.298,20312938496,-10.2605,-3096995840
"LTU","Lithuania",2007,51.6412,20500471808,64.7462,25702866944,-13.105,-5202395136
"LTU","Lithuania",2008,57.6213,27541583872,69.2278,33089175552,-11.6064,-5547591680
"LTU","Lithuania",2009,51.7893,19363047424,53.5495,20021143552,-1.7602,-658096128
"LTU","Lithuania",2010,63.9424,23740962816,65.945,24484526080,-2.0027,-743563264
"LTU","Lithuania",2011,72.881,31728785408,75.5662,32897787904,-2.6852,-1169002496
"LTU","Lithuania",2012,78.2266,33580699648,77.6165,33318801408,0.6101,261898240
"LTU","Lithuania",2013,78.6686,36599312384,77.2182,35924553728,1.4504,674758656
"LTU","Lithuania",2014,72.2704,35075481600,70.4512,34192553984,1.8192,882927616
"LTU","Lithuania",2015,68.7776,28498382848,69.7747,28911509504,-0.997,-413126656
"LTU","Lithuania",2016,67.5874,29094549504,66.8665,28784218112,0.7209,310331392
"LTU","Lithuania",2017,73.5952,35148120064,71.2782,34041563136,2.317,1106556928
"LTU","Lithuania",2018,75.2054,40423964672,73.3894,39447826432,1.816,976138240
"LTU","Lithuania",2019,77.3117,42336366592,71.995,39424925696,5.3167,2911440896
"LTU","Lithuania",2020,73.1624,41640280064,63.8707,36351909888,9.2917,5288370176
"LTU","Lithuania",2021,80.5289,53483245568,76.0075,50480361472,4.5214,3002884096
"LTU","Lithuania",2022,87.5611,61585506304,89.5426,62979194880,-1.9815,-1393688576
"LUX","Luxembourg",1988,99.0372,9327494144,89.8833,8465362432,9.1539,862131712
"LUX","Luxembourg",1989,101.814,10219753472,89.1979,8953390080,12.6161,1266363392
"LUX","Luxembourg",1990,99.7129,12742103040,88.0983,11257896960,11.6146,1484206080
"LUX","Luxembourg",1991,99.6056,13779657728,89.0583,12320522240,10.5473,1459135488
"LUX","Luxembourg",1992,98.5986,15301225472,83.9487,13027742720,14.65,2273482752
"LUX","Luxembourg",1993,98.8648,15744740352,82.5378,13144580096,16.327,2600160256
"LUX","Luxembourg",1994,102.1396,18080552960,83.6466,14806953984,18.493,3273598976
"LUX","Luxembourg",1995,104.4788,21787068416,85.0656,17738813440,19.4132,4048254976
"LUX","Luxembourg",1996,107.9811,22562990080,87.6558,18315956224,20.3253,4247033856
"LUX","Luxembourg",1997,116.221,22737276928,95.8678,18755420160,20.3531,3981856768
"LUX","Luxembourg",1998,127.6971,25731039232,108.8729,21937944576,18.8242,3793094656
"LUX","Luxembourg",1999,129.9364,28455196672,109.986,24086194176,19.9504,4369002496
"LUX","Luxembourg",2000,147.6449,31345278976,124.7674,26488356864,22.8774,4856922112
"LUX","Luxembourg",2001,146.2009,31268767744,124.5647,26641321984,21.6362,4627445760
"LUX","Luxembourg",2002,136.3617,32249319424,114.3275,27038257152,22.0342,5211062272
"LUX","Luxembourg",2003,132.8481,39412387840,112.1299,33265876992,20.7182,6146510848
"LUX","Luxembourg",2004,143.7344,50400231424,121.4925,42601164800,22.2418,7799066624
"LUX","Luxembourg",2005,153.8244,57949163520,130.2531,49069301760,23.5714,8879861760
"LUX","Luxembourg",2006,167.7403,71977615360,138.1392,59275747328,29.6011,12701868032
"LUX","Luxembourg",2007,169.5767,87480213504,137.9083,71143317504,31.6684,16336896000
"LUX","Luxembourg",2008,161.4948,95030427648,130.7187,76920487936,30.776,18109939712
"LUX","Luxembourg",2009,147.9251,80570785792,115.6076,62968336384,32.3175,17602449408
"LUX","Luxembourg",2010,162.7099,91465695232,130.962,73618972672,31.7478,17846722560
"LUX","Luxembourg",2011,169.4891,104568487936,139.2253,85896855552,30.2638,18671632384
"LUX","Luxembourg",2012,171.2118,102344212480,140.575,84030676992,30.6367,18313535488
"LUX","Luxembourg",2013,176.3833,115007709184,144.1502,93990633472,32.2332,21017075712
"LUX","Luxembourg",2014,182.7826,125763215360,150.6463,103651876864,32.1363,22111338496
"LUX","Luxembourg",2015,191.8354,115238592512,159.2965,95691948032,32.5389,19546644480
"LUX","Luxembourg",2016,191.0986,118895616000,157.3388,97891287040,33.7599,21004328960
"LUX","Luxembourg",2017,192.7475,126658584576,161.0465,105827155968,31.701,20831428608
"LUX","Luxembourg",2018,197.5013,140226658304,164.9226,117095612416,32.5788,23131045888
"LUX","Luxembourg",2019,204.3208,142668316672,173.5222,121162981376,30.7986,21505335296
"LUX","Luxembourg",2020,199.619,147703267328,165.5968,122529357824,34.0222,25173909504
"LUX","Luxembourg",2021,211.4334,180788789248,176.687,151078420480,34.7464,29710368768
"LUX","Luxembourg",2022,209.3664,172255838208,175.1114,144072589312,34.255,28183248896
"LVA","Latvia",1995,34.5625,2000868480,39.3045,2275390720,-4.742,-274522240
"LVA","Latvia",1996,40.4153,2414915840,49.4235,2953175040,-9.0081,-538259200
"LVA","Latvia",1997,39.7008,2591640576,48.7398,3181698560,-9.039,-590057984
"LVA","Latvia",1998,39.2365,2811791872,51.3171,3677526528,-12.0807,-865734656
"LVA","Latvia",1999,35.0284,2638963456,44.8367,3377901824,-9.8083,-738938368
"LVA","Latvia",2000,36.7849,2927653632,44.7514,3561696512,-7.9665,-634042880
"LVA","Latvia",2001,38.0007,3177773568,48.3676,4044695552,-10.3669,-866921984
"LVA","Latvia",2002,36.5396,3492098560,46.6668,4459957760,-10.1272,-967859200
"LVA","Latvia",2003,36.0465,4243382016,48.5647,5717024768,-12.5182,-1473642752
"LVA","Latvia",2004,38.9123,5617268224,54.2233,7827518976,-15.311,-2210250752
"LVA","Latvia",2005,42.9698,7306359808,57.2659,9737186304,-14.2961,-2430826496
"LVA","Latvia",2006,39.7452,8573078528,60.3877,13025682432,-20.6425,-4452603904
"LVA","Latvia",2007,38.2616,11881888768,57.3117,17797775360,-19.0501,-5915886592
"LVA","Latvia",2008,39.2575,14075493376,51.9189,18615162880,-12.6614,-4539669504
"LVA","Latvia",2009,42.214,11149110272,44.1984,11673203712,-1.9844,-524093440
"LVA","Latvia",2010,53.2584,12758664192,55.3464,13258873856,-2.088,-500209664
"LVA","Latvia",2011,59.7799,16424155136,65.7106,18053568512,-5.9307,-1629413376
"LVA","Latvia",2012,61.4438,17308645376,66.7847,18813181952,-5.3409,-1504536576
"LVA","Latvia",2013,60.3952,18242232320,64.7627,19561426944,-4.3675,-1319194624
"LVA","Latvia",2014,61.1547,19194570752,64.0762,20111521792,-2.9214,-916951040
"LVA","Latvia",2015,60.2754,16432931840,61.9772,16896887808,-1.7018,-463955968
"LVA","Latvia",2016,59.6071,16739813376,59.2577,16641702912,0.3493,98110464
"LVA","Latvia",2017,61.5894,18774804480,62.2195,18966859776,-0.63,-192055296
"LVA","Latvia",2018,61.4589,21159712768,62.1234,21388486656,-0.6645,-228773888
"LVA","Latvia",2019,59.8141,20542523392,60.4739,20769118208,-0.6598,-226594816
"LVA","Latvia",2020,59.8993,20726214656,58.9317,20391401472,0.9676,334813184
"LVA","Latvia",2021,63.6752,25295206400,67.1113,26660218880,-3.4361,-1365012480
"LVA","Latvia",2022,70.3412,28948160512,76.1564,31341359104,-5.8152,-2393198592
"MLT","Malta",1988,70.405,1421810944,79.9132,1613825920,-9.5082,-192014976
"MLT","Malta",1989,72.1342,1528217600,82.4683,1747152512,-10.3341,-218934912
"MLT","Malta",1990,75.8336,1931606528,88.6501,2258063360,-12.8165,-326456832
"MLT","Malta",1991,77.372,2127761152,87.8658,2416347136,-10.4939,-288585984
"MLT","Malta",1992,81.7596,2470701056,88.7058,2680610304,-6.9462,-209909248
"MLT","Malta",1993,84.8122,2297713408,94.0933,2549154048,-9.2811,-251440640
"MLT","Malta",1994,85.9618,2577626112,95.7401,2870834176,-9.7783,-293208064
"MLT","Malta",1995,126.6704,4384484352,131.9153,4566026240,-5.2449,-181541888
"MLT","Malta",1996,114.1002,4091353088,123.8823,4442115072,-9.7821,-350761984
"MLT","Malta",1997,110.1649,4100767488,116.1199,4322433536,-5.9549,-221666048
"MLT","Malta",1998,109.4226,4331196928,115.9361,4589015552,-6.5135,-257818624
"MLT","Malta",1999,111.6861,4640766464,116.488,4840292864,-4.8019,-199526400
"MLT","Malta",2000,120.2475,5198706688,128.3746,5550068736,-8.1271,-351362048
"MLT","Malta",2001,108.6453,4731660800,112.8354,4914146816,-4.1901,-182486016
"MLT","Malta",2002,113.4025,5322542080,110.5043,5186515968,2.8982,136026112
"MLT","Malta",2003,107.5215,5902241792,110.3701,6058609152,-2.8486,-156367360
"MLT","Malta",2004,103.1281,6307922432,109.5206,6698928640,-6.3926,-391006208
"MLT","Malta",2005,103.5791,6636612608,114.0215,7305683456,-10.4423,-669070848
"MLT","Malta",2006,123.4018,8364571648,130.4349,8841299968,-7.0331,-476728320
"MLT","Malta",2007,129.2437,10243088384,133.0726,10546537472,-3.8288,-303449088
"MLT","Malta",2008,148.495,13498755072,150.3239,13665006592,-1.8289,-166251520
"MLT","Malta",2009,147.0238,12785635328,147.9296,12864406528,-0.9058,-78771200
"MLT","Malta",2010,150.9463,13639238656,150.8906,13634200576,0.0558,5038080
"MLT","Malta",2011,160.5869,15478542336,159.1168,15336841216,1.4701,141701120
"MLT","Malta",2012,163.119,15434038272,159.556,15096908800,3.563,337129472
"MLT","Malta",2013,155.9735,16456710144,148.3567,15653066752,7.6168,803643392
"MLT","Malta",2014,149.812,17416910848,137.8284,16023711744,11.9836,1393199104
"MLT","Malta",2015,154.618,17149408256,144.8518,16066190336,9.7662,1083217920
"MLT","Malta",2016,157.8014,18412226560,145.2106,16943144960,12.5907,1469081600
"MLT","Malta",2017,154.6655,20863291392,136.0998,18358900736,18.5658,2504390656
"MLT","Malta",2018,162.7964,24904593408,144.6471,22128113664,18.1493,2776479744
"MLT","Malta",2019,166.7882,26488070144,149.1634,23689027584,17.6248,2799042560
"MLT","Malta",2020,178.3353,26832578560,165.0267,24830148608,13.3086,2002429952
"MLT","Malta",2021,169.697,30109972480,153.3421,27208065024,16.3549,2901907456
"MLT","Malta",2022,168.0097,29847384064,156.6224,27824400384,11.3873,2022983680
"NLD","Netherlands",1988,51.7373,135505379328,48.2504,126372896768,3.4869,9132482560
"NLD","Netherlands",1989,55.032,142167900160,51.0075,131771039744,4.0245,10396860416
"NLD","Netherlands",1990,54.4147,173218742272,49.6186,157951213568,4.7961,15267528704
"NLD","Netherlands",1991,55.109,180482195456,50.0004,163751444480,5.1086,16730750976
"NLD","Netherlands",1992,53.3761,193735311360,48.6236,176485646336,4.7525,17249665024
"NLD","Netherlands",1993,52.6121,186010107904,46.329,163796402176,6.283,22213705728
"NLD","Netherlands",1994,54.7356,207519416320,48.2151,182797975552,6.5206,24721440768
"NLD","Netherlands",1995,57.221,258811412480,50.5976,228853972992,6.6233,29957439488
"NLD","Netherlands",1996,57.3885,258529411072,51.3445,231301955584,6.044,27227455488
"NLD","Netherlands",1997,60.36,251587985408,53.9808,224998866944,6.3792,26589118464
"NLD","Netherlands",1998,59.3403,259915579392,53.2117,233071542272,6.1287,26844037120
"NLD","Netherlands",1999,59.905,267805114368,54.4969,243627966464,5.4082,24177147904
"NLD","Netherlands",2000,66.0333,275675250688,59.4887,248352948224,6.5446,27322302464
"NLD","Netherlands",2001,63.2984,273187602432,56.7404,244883914752,6.5581,28303687680
"NLD","Netherlands",2002,60.1484,285020520448,53.309,252610969600,6.8394,32409550848
"NLD","Netherlands",2003,59.2841,343889739776,52.6359,305325080576,6.6483,38564659200
"NLD","Netherlands",2004,62.6742,412634742784,54.9344,361677029376,7.7399,50957713408
"NLD","Netherlands",2005,65.6321,449808302080,57.1746,391844888576,8.4575,57963413504
"NLD","Netherlands",2006,68.1811,500418904064,59.591,437371535360,8.5901,63047368704
"NLD","Netherlands",2007,68.7755,583600242688,61.6824,523411587072,7.093,60188655616
"NLD","Netherlands",2008,69.7936,664344657920,61.2663,583175110656,8.5274,81169547264
"NLD","Netherlands",2009,62.237,542407163904,54.6525,476307030016,7.5845,66100133888
"NLD","Netherlands",2010,69.8037,591502966784,61.7184,522989928448,8.0853,68513038336
"NLD","Netherlands",2011,75.5031,683507122176,66.9687,606248042496,8.5344,77259079680
"NLD","Netherlands",2012,79.5034,666972323840,69.765,585275211776,9.7383,81697112064
"NLD","Netherlands",2013,79.8805,700689874944,69.6689,611116253184,10.2116,89573621760
"NLD","Netherlands",2014,80.5779,718890270720,69.4758,619841257472,11.1021,99049013248
"NLD","Netherlands",2015,82.6589,632813977600,75.1577,575386746880,7.5012,57427230720
"NLD","Netherlands",2016,79.5352,623603744768,69.3235,543538118656,10.2117,80065626112
"NLD","Netherlands",2017,83.3918,695378640896,72.6364,605693280256,10.7553,89685360640
"NLD","Netherlands",2018,84.6835,774043664384,74.1397,677669502976,10.5437,96374161408
"NLD","Netherlands",2019,82.5377,751253585920,72.733,662011314176,9.8047,89242271744
"NLD","Netherlands",2020,78.2655,712054210560,68.1963,620445499392,10.0692,91608711168
"NLD","Netherlands",2021,83.0659,840460009472,72.7954,736543244288,10.2705,103916765184
"NLD","Netherlands",2022,92.6377,918145728512,83.2129,824735039488,9.4248,93410689024
"POL","Poland",1995,22.9412,32643936256,20.7807,29569687552,2.1605,3074248704
"POL","Poland",1996,22.0692,35353288704,23.4831,37618413568,-1.414,-2265124864
"POL","Poland",1997,23.3334,37183639552,27.2124,43365158912,-3.879,-6181519360
"POL","Poland",1998,25.9486,45328596992,30.7905,53786615808,-4.8418,-8458018816
"POL","Poland",1999,24.0919,40963592192,30.0197,51042721792,-5.9278,-10079129600
"POL","Poland",2000,27.1883,46823858176,33.6803,58004291584,-6.4919,-11180433408
"POL","Poland",2001,27.1873,51902099456,30.9694,59122352128,-3.7821,-7220252672
"POL","Poland",2002,28.7131,57159335936,32.2743,64248496128,-3.5611,-7089160192
"POL","Poland",2003,33.3504,72646836224,36.0958,78626922496,-2.7453,-5980086272
"POL","Poland",2004,34.2355,87337148416,37.2102,94925922304,-2.9747,-7588773888
"POL","Poland",2005,34.6116,105961914368,35.919,109964402688,-1.3074,-4002488320
"POL","Poland",2006,37.821,130341076992,40.1498,138366779392,-2.3288,-8025702400
"POL","Poland",2007,38.5163,165242863616,42.3152,181540847616,-3.7989,-16297984000
"POL","Poland",2008,37.8149,201780084736,43.0909,229932924928,-5.276,-28152840192
"POL","Poland",2009,37.1423,163326230528,38.1255,167650082816,-0.9833,-4323852288
"POL","Poland",2010,40.0914,190713364480,42.4618,201989521408,-2.3705,-11276156928
"POL","Poland",2011,42.5739,223246368768,44.71,234447749120,-2.1361,-11201380352
"POL","Poland",2012,44.2783,219279556608,44.9894,222801084416,-0.7111,-3521527808
"POL","Poland",2013,45.9809,237152141312,44.7984,231053328384,1.1825,6098812928
"POL","Poland",2014,46.4888,250612006912,46.0799,248407556096,0.4089,2204450816
"POL","Poland",2015,47.4503,226390769664,45.3685,216458149888,2.0818,9932619776
"POL","Poland",2016,50.2683,236273451008,47.2716,222188224512,2.9967,14085226496
"POL","Poland",2017,52.0557,273105567744,49.2255,258257453056,2.8302,14848114688
"POL","Poland",2018,52.748,310569762816,50.7025,298525917184,2.0456,12043845632
"POL","Poland",2019,53.1953,317075292160,49.4934,295009484800,3.702,22065807360
"POL","Poland",2020,52.9909,317650272256,47.3333,283735982080,5.6576,33914290176
"POL","Poland",2021,57.9107,393469394944,54.5349,370533105664,3.3758,22936289280
"POL","Poland",2022,61.7183,424730755072,60.6054,417072185344,1.1129,7658569728
"PRT","Portugal",1988,27.6367,15572504576,35.5627,20038610944,-7.926,-4466106368
"PRT","Portugal",1989,29.4652,17854164992,35.4037,21452554240,-5.9385,-3598389248
"PRT","Portugal",1990,29.1692,22960185344,35.8864,28247582720,-6.7172,-5287397376
"PRT","Portugal",1991,26.5476,23689342976,33.819,30177947648,-7.2715,-6488604672
"PRT","Portugal",1992,24.4587,26315597824,31.8486,34266585088,-7.3899,-7950987264
"PRT","Portugal",1993,23.6001,22422441984,30.5751,29049311232,-6.9749,-6626869248
"PRT","Portugal",1994,25.1336,25055309824,32.0438,31944022016,-6.9102,-6888712192
"PRT","Portugal",1995,26.7697,31620943872,33.1447,39151230976,-6.375,-7530287104
"PRT","Portugal",1996,26.5485,32556406784,33.6613,41278930944,-7.1129,-8722524160
"PRT","Portugal",1997,27.1541,31774838784,35.1508,41132257280,-7.9967,-9357418496
"PRT","Portugal",1998,27.3316,33876547584,36.4993,45239504896,-9.1676,-11362957312
"PRT","Portugal",1999,26.482,33756676096,36.8324,46950346752,-10.3504,-13193670656
"PRT","Portugal",2000,28.2046,33452144640,39.2484,46550614016,-11.0438,-13098469376
"PRT","Portugal",2001,27.4373,33364916224,37.6546,45789577216,-10.2173,-12424660992
"PRT","Portugal",2002,27.0734,36493692928,35.2349,47495077888,-8.1615,-11001384960
"PRT","Portugal",2003,27.3672,45217763328,33.7718,55799779328,-6.4046,-10582016000
"PRT","Portugal",2004,27.6671,52396449792,35.5375,67301752832,-7.8705,-14905303040
"PRT","Portugal",2005,27.0842,53424570368,35.8603,70735904768,-8.7762,-17311334400
"PRT","Portugal",2006,30.3574,63373037568,38.1896,79723356160,-7.8322,-16350318592
"PRT","Portugal",2007,31.1942,75020812288,38.7519,93196902400,-7.5577,-18176090112
"PRT","Portugal",2008,31.2611,82346811392,40.8147,107512512512,-9.5536,-25165701120
"PRT","Portugal",2009,27.2937,66778988544,34.199,83673808896,-6.9052,-16894820352
"PRT","Portugal",2010,30.0693,71598931968,37.714,89801908224,-7.6447,-18202976256
"PRT","Portugal",2011,34.4549,84455063552,38.6447,94725070848,-4.1898,-10270007296
"PRT","Portugal",2012,37.778,81685225472,38.2728,82755125248,-0.4948,-1069899776
"PRT","Portugal",2013,39.6065,89682534400,38.5079,87194992640,1.0986,2487541760
"PRT","Portugal",2014,40.216,92457304064,40.0663,92113305600,0.1496,343998464
"PRT","Portugal",2015,40.6151,80984129536,39.8758,79509938176,0.7393,1474191360
"PRT","Portugal",2016,40.2108,83005652992,39.0634,80637083648,1.1474,2368569344
"PRT","Portugal",2017,42.7243,94573527040,41.7149,92339159040,1.0094,2234368000
"PRT","Portugal",2018,43.4457,105274679296,42.983,104153546752,0.4627,1121132544
"PRT","Portugal",2019,43.5084,104414519296,43.0563,103329480704,0.4521,1085038592
"PRT","Portugal",2020,37.0468,84848918528,39.1907,89759219712,-2.1439,-4910301184
"PRT","Portugal",2021,41.6337,105742557184,44.4865,112987996160,-2.8527,-7245438976
"PRT","Portugal",2022,50.048,126093754368,52.5876,132491968512,-2.5395,-6398214144
"ROM","Romania",1990,16.7269,6397087744,26.1802,10012444672,-9.4533,-3615356928
"ROM","Romania",1991,17.6006,5078072832,21.5346,6213078528,-3.9339,-1135005696
"ROM","Romania",1992,27.7914,6981666816,36.1988,9093749760,-8.4074,-2112082944
"ROM","Romania",1993,23.0163,6067357184,27.9874,7377796096,-4.9711,-1310438912
"ROM","Romania",1994,24.9014,7488553984,26.9657,8109367808,-2.0644,-620813824
"ROM","Romania",1995,25.63,9593385984,30.6612,11476553728,-5.0311,-1883167744
"ROM","Romania",1996,26.4575,9772623872,34.3239,12678235136,-7.8664,-2905611264
"ROM","Romania",1997,28.1971,10031190016,35.0081,12454200320,-6.811,-2423010304
"ROM","Romania",1998,23.0155,9596560384,30.8233,12852123648,-7.8078,-3255563264
"ROM","Romania",1999,26.6618,9585766400,31.3119,11257603072,-4.65,-1671836672
"ROM","Romania",2000,21.5889,8042666496,26.9324,10033341440,-5.3436,-1990674944
"ROM","Romania",2001,22.106,8929729536,29.8226,12046884864,-7.7167,-3117155328
"ROM","Romania",2002,24.013,11061723136,29.6972,13680173056,-5.6842,-2618449920
"ROM","Romania",2003,24.2127,13996506112,31.9668,18478845952,-7.7541,-4482339840
"ROM","Romania",2004,25.7439,19301171200,34.8825,26152718336,-9.1386,-6851547136
"ROM","Romania",2005,24.5352,24155998208,34.8253,34287058944,-10.2901,-10131060736
"ROM","Romania",2006,24.7712,30226771968,36.9124,45041885184,-12.1412,-14815113216
"ROM","Romania",2007,24.7108,43142336512,38.7943,67730542592,-14.0835,-24588206080
"ROM","Romania",2008,26.1553,56055394304,39.0195,83625426944,-12.8641,-27570032640
"ROM","Romania",2009,26.0236,45307699200,32.4492,56494829568,-6.4256,-11187130368
"ROM","Romania",2010,31.6738,53854748672,38.1594,64882249728,-6.4856,-11027501056
"ROM","Romania",2011,35.2684,67931717632,40.8742,78729265152,-5.6058,-10797547520
"ROM","Romania",2012,35.7515,64042729472,40.7877,73064210432,-5.0362,-9021480960
"ROM","Romania",2013,40.2473,76385148928,41.1543,78106402816,-0.9069,-1721253888
"ROM","Romania",2014,41.4785,82838249472,41.9002,83680518144,-0.4217,-842268672
"ROM","Romania",2015,41.3495,73554075648,42.1717,75016626176,-0.8222,-1462550528
"ROM","Romania",2016,42.4171,78593540096,43.4769,80557359104,-1.0599,-1963819008
"ROM","Romania",2017,42.3343,88964374528,44.8218,94191828992,-2.4875,-5227454464
"ROM","Romania",2018,41.5417,101077737472,44.9289,109319282688,-3.3872,-8241545216
"ROM","Romania",2019,40.2002,100909645824,44.3029,111208079360,-4.1027,-10298433536
"ROM","Romania",2020,36.8766,92693864448,41.1825,103517495296,-4.306,-10823630848
"ROM","Romania",2021,40.6487,116013236224,46.3279,132221927424,-5.6792,-16208691200
"ROM","Romania",2022,42.5371,128147849216,49.4417,148948942848,-6.9047,-20801093632
"SVK","Slovak Republic",1990,23.8135,3035595520,33.354,4251767296,-9.5406,-1216171776
"SVK","Slovak Republic",1991,41.5806,5934465536,46.262,6602608640,-4.6814,-668143104
"SVK","Slovak Republic",1992,63.2392,9799241728,69.8215,10819202048,-6.5823,-1019960320
"SVK","Slovak Republic",1993,52.4541,8665772032,59.7416,9869717504,-7.2875,-1203945472
"SVK","Slovak Republic",1994,55.3243,11155008512,53.0478,10695987200,2.2766,459021312
"SVK","Slovak Republic",1995,53.9263,13934638080,54.6255,14115313664,-0.6992,-180675584
"SVK","Slovak Republic",1996,49.2928,13765020672,62.5253,17460205568,-13.2325,-3695184896
"SVK","Slovak Republic",1997,53.609,14852919296,63.979,17726048256,-10.37,-2873128960
"SVK","Slovak Republic",1998,45.5169,13589532672,56.5532,16884532224,-11.0363,-3294999552
"SVK","Slovak Republic",1999,46.3477,14119212032,51.1362,15577954304,-4.7885,-1458742272
"SVK","Slovak Republic",2000,53.2055,15558640640,55.5829,16253876224,-2.3775,-695235584
"SVK","Slovak Republic",2001,57.1182,17580281856,64.5611,19871121408,-7.4429,-2290839552
"SVK","Slovak Republic",2002,56.9705,20109328384,63.4034,22379999232,-6.4329,-2270670848
"SVK","Slovak Republic",2003,62.3344,29247254528,62.8133,29471991808,-0.479,-224737280
"SVK","Slovak Republic",2004,69.0463,39658442752,70.604,40553164800,-1.5577,-894722048
"SVK","Slovak Republic",2005,72.3019,45411897344,75.426,47374110720,-3.1241,-1962213376
"SVK","Slovak Republic",2006,81.2399,57491283968,83.3864,59010359296,-2.1466,-1519075328
"SVK","Slovak Republic",2007,83.3809,72177795072,82.9487,71803691008,0.4322,374104064
"SVK","Slovak Republic",2008,80.148,80853221376,81.9229,82643705856,-1.7749,-1790484480
"SVK","Slovak Republic",2009,68.0361,60823814144,68.2046,60974411776,-0.1685,-150597632
"SVK","Slovak Republic",2010,76.5615,69795610624,76.8926,70097453056,-0.3311,-301842432
"SVK","Slovak Republic",2011,84.3383,84273078272,83.6559,83591217152,0.6824,681861120
"SVK","Slovak Republic",2012,90.8314,85948063744,85.3351,80747225088,5.4963,5200838656
"SVK","Slovak Republic",2013,93.442,92447055872,87.9087,86972645376,5.5333,5474410496
"SVK","Slovak Republic",2014,91.4001,92713541632,86.6334,87878377472,4.7667,4835164160
"SVK","Slovak Republic",2015,91.6005,81433632768,88.5876,78755119104,3.0129,2678513664
"SVK","Slovak Republic",2016,93.466,84075233280,90.5674,81467817984,2.8987,2607415296
"SVK","Slovak Republic",2017,95.0743,90938564608,92.9848,88939913216,2.0895,1998651392
"SVK","Slovak Republic",2018,95.8359,101718179840,93.9682,99735871488,1.8677,1982308352
"SVK","Slovak Republic",2019,91.9101,97158217728,91.5862,96815792128,0.3239,342425600
"SVK","Slovak Republic",2020,85.0581,90781540352,83.4352,89049522176,1.6228,1732018176
"SVK","Slovak Republic",2021,92.3539,109583949824,92.3646,109596729344,-0.0108,-12779520
"SVK","Slovak Republic",2022,99.0644,114388508672,104.8283,121044033536,-5.7639,-6655524864
"SVN","Slovenia",1995,45.4377,9701955584,47.6791,10180543488,-2.2414,-478587904
"SVN","Slovenia",1996,46.1309,9921479680,47.3784,10189789184,-1.2475,-268309504
"SVN","Slovenia",1997,47.5618,9875306496,48.6995,10111527936,-1.1377,-236221440
"SVN","Slovenia",1998,47.4961,10518606848,49.188,10893287424,-1.6919,-374680576
"SVN","Slovenia",1999,44.1061,10017114112,48.4357,11000424448,-4.3296,-983310336
"SVN","Slovenia",2000,50.1352,10172240896,53.8126,10918375424,-3.6774,-746134528
"SVN","Slovenia",2001,51.7466,10802787328,52.7874,11020069888,-1.0408,-217282560
"SVN","Slovenia",2002,52.3212,12290189312,51.3301,12057382912,0.9911,232806400
"SVN","Slovenia",2003,51.0036,15114769408,51.321,15208840192,-0.3174,-94070784
"SVN","Slovenia",2004,55.0548,18946985984,56.5018,19444957184,-1.447,-497971200
"SVN","Slovenia",2005,59.8113,21655504896,60.4513,21887254528,-0.6401,-231749632
"SVN","Slovenia",2006,64.8702,25611438080,64.9182,25630375936,-0.048,-18937856
"SVN","Slovenia",2007,67.8991,32637319168,69.2281,33276137472,-1.329,-638818304
"SVN","Slovenia",2008,66.3133,36989153280,68.4183,38163320832,-2.105,-1174167552
"SVN","Slovenia",2009,57.2643,28957253632,55.8576,28245913600,1.4067,711340032
"SVN","Slovenia",2010,64.2748,30985760768,63.2167,30475638784,1.0582,510121984
"SVN","Slovenia",2011,70.2471,36236197888,69.0308,35608735744,1.2164,627462144
"SVN","Slovenia",2012,72.8916,33951293440,69.4928,32368232448,3.3987,1583060992
"SVN","Slovenia",2013,74.2165,35932393472,69.5399,33668190208,4.6766,2264203264
"SVN","Slovenia",2014,76.1517,38073729024,69.398,34697052160,6.7537,3376676864
"SVN","Slovenia",2015,77.1487,33256871936,69.1472,29807624192,8.0015,3449247744
"SVN","Slovenia",2016,77.5982,34738155520,69.0596,30915723264,8.5386,3822432256
"SVN","Slovenia",2017,83.1255,40389935104,74.1489,36028301312,8.9766,4361633792
"SVN","Slovenia",2018,84.7927,45938876416,76.3497,41364664320,8.443,4574212096
"SVN","Slovenia",2019,83.6994,45475233792,75.0998,40802918400,8.5996,4672315392
"SVN","Slovenia",2020,77.7406,41751986176,68.4947,36786335744,9.2459,4965650432
"SVN","Slovenia",2021,83.6299,51640295424,77.2903,47725670400,6.3396,3914625024
"SVN","Slovenia",2022,90.3803,56142221312,88.7519,55130714112,1.6284,1011507200
"SWE","Sweden",1988,29.8094,61701947392,28.5374,59069104128,1.272,2632843264
"SWE","Sweden",1989,29.5823,64474390528,29.4557,64198488064,0.1266,275902464
"SWE","Sweden",1990,27.9222,73113280512,27.901,73057943552,0.0211,55336960
"SWE","Sweden",1991,26.0947,71559700480,24.9949,68543733760,1.0998,3015966720
"SWE","Sweden",1992,25.9576,73802498048,24.8145,70552444928,1.1431,3250053120
"SWE","Sweden",1993,30.4102,64759394304,27.7247,59040448512,2.6855,5718945792
"SWE","Sweden",1994,33.5983,76951699456,30.2433,69267636224,3.355,7684063232
"SWE","Sweden",1995,37.124,99235160064,31.4764,84138713088,5.6476,15096446976
"SWE","Sweden",1996,36.0289,105112682496,30.5096,89010577408,5.5192,16102105088
"SWE","Sweden",1997,39.132,104930992128,32.8767,88157741056,6.2553,16773251072
"SWE","Sweden",1998,40.021,108380913664,34.3194,92940410880,5.7016,15440502784
"SWE","Sweden",1999,40.1114,109933903872,34.7869,95340978176,5.3245,14592925696
"SWE","Sweden",2000,43.2585,113698021376,38.2191,100452794368,5.0394,13245227008
"SWE","Sweden",2001,42.9207,104037744640,37.6675,91304247296,5.2532,12733497344
"SWE","Sweden",2002,41.2471,110067212288,35.9716,95989538816,5.2755,14077673472
"SWE","Sweden",2003,40.3257,134823772160,34.9199,116750123008,5.4058,18073649152
"SWE","Sweden",2004,42.6906,164409671680,35.9005,138259578880,6.7901,26150092800
"SWE","Sweden",2005,45.0155,176559128576,38.736,151929831424,6.2795,24629297152
"SWE","Sweden",2006,47.4874,200914878464,40.708,172231639040,6.7795,28683239424
"SWE","Sweden",2007,47.6103,233887678464,41.5518,204125306880,6.0584,29762371584
"SWE","Sweden",2008,49.0869,254126047232,43.4772,225084309504,5.6097,29041737728
"SWE","Sweden",2009,43.454,189692231680,38.0549,166123208704,5.3991,23569022976
"SWE","Sweden",2010,44.6789,221523361792,39.5695,196190666752,5.1093,25332695040
"SWE","Sweden",2011,45.2712,259899244544,40.5198,232621998080,4.7514,27277246464
"SWE","Sweden",2012,45.0275,248769757184,40.2547,222400806912,4.7728,26368950272
"SWE","Sweden",2013,42.5268,249565102080,38.2889,224695025664,4.238,24870076416
"SWE","Sweden",2014,43.2662,251793489920,39.6674,230849822720,3.5988,20943667200
"SWE","Sweden",2015,43.7668,221067591680,39.957,201824550912,3.8097,19243040768
"SWE","Sweden",2016,42.6915,220140601344,39.6292,204349652992,3.0623,15790948352
"SWE","Sweden",2017,43.7347,236613042176,41.2,222899879936,2.5347,13713162240
"SWE","Sweden",2018,45.6831,253749018624,43.4481,241335009280,2.2349,12414009344
"SWE","Sweden",2019,47.8092,255243583488,43.6246,232902901760,4.1846,22340681728
"SWE","Sweden",2020,43.8473,239868493824,39.3637,215340761088,4.4836,24527732736
"SWE","Sweden",2021,46.2772,294718996480,41.8348,266427351040,4.4424,28291645440
"SWE","Sweden",2022,52.5864,308124057600,50.159,293900943360,2.4274,14223114240
